{"cameraMode":{"drawMode":0,"name":"Shaded","section":"Shading Mode"},"sceneLighting":false,"audioPlay":false,"sceneViewState":{"m_AlwaysRefresh":false,"showFog":false,"showSkybox":true,"showFlares":true,"showImageEffects":true,"showParticleSystems":true,"showVisualEffectGraphs":true,"m_FxEnabled":true},"in2DMode":false,"pivot":{"x":-0.695487380027771,"y":2.9146857261657717,"z":-1.9404391050338746},"rotation":{"x":0.31719526648521426,"y":0.10639147460460663,"z":-0.035835884511470798,"w":0.9416966438293457},"size":0.3094025254249573,"orthographic":false}